{"meta": {"version": "5.3", "timestamp": "2020-12-08T20:38:06.227836", "branch_coverage": false, "show_contexts": false}, "files": {"board.py": {"executed_lines": [2, 3, 4, 6, 7, 8, 9, 10, 11, 13, 14, 15, 16, 17, 18, 20, 24, 25, 26, 27, 28, 29, 30, 31, 32, 33, 34, 35, 36, 37, 38, 41, 47, 48, 49, 50, 51, 53, 54, 55, 56, 57, 58, 59, 60, 61, 63, 64, 65, 66, 67, 71, 73, 86, 87, 89, 90, 91, 92, 93, 94, 96, 97, 99, 100, 101, 102, 103, 104, 107, 108, 115, 116, 117, 118, 119, 121, 122, 125, 147], "summary": {"covered_lines": 80, "num_statements": 126, "percent_covered": 63.492063492063494, "missing_lines": 46, "excluded_lines": 0}, "missing_lines": [21, 42, 43, 44, 45, 62, 68, 69, 70, 74, 75, 76, 77, 78, 79, 80, 81, 82, 83, 84, 88, 98, 109, 110, 111, 112, 113, 126, 127, 128, 129, 130, 131, 132, 133, 135, 136, 137, 138, 139, 140, 141, 143, 144, 148, 149], "excluded_lines": []}, "game.py": {"executed_lines": [1, 2, 3, 4, 6, 7, 8, 9, 10, 11, 14, 15, 17, 19, 22, 23, 24, 25, 26], "summary": {"covered_lines": 19, "num_statements": 23, "percent_covered": 82.6086956521739, "missing_lines": 4, "excluded_lines": 0}, "missing_lines": [12, 13, 20, 21], "excluded_lines": []}, "player.py": {"executed_lines": [1, 2, 4, 5, 6, 7, 8, 9, 10, 11, 12, 15, 16, 17, 18, 19, 20, 21, 23, 24, 25, 26, 33, 34, 35, 36, 37, 38, 39, 41, 42, 43, 60, 61, 62, 63, 64, 66, 67, 68, 70], "summary": {"covered_lines": 41, "num_statements": 64, "percent_covered": 64.0625, "missing_lines": 23, "excluded_lines": 0}, "missing_lines": [27, 28, 29, 30, 31, 32, 40, 44, 45, 46, 47, 48, 49, 50, 51, 52, 53, 54, 55, 56, 57, 58, 59], "excluded_lines": []}, "/usr/lib/python3/dist-packages/cairo/__init__.py": {"executed_lines": [1, 4], "summary": {"covered_lines": 2, "num_statements": 13, "percent_covered": 15.384615384615385, "missing_lines": 11, "excluded_lines": 0}, "missing_lines": [7, 9, 10, 12, 13, 16, 17, 20, 21, 24, 25], "excluded_lines": []}, "/usr/lib/python3/dist-packages/gi/__init__.py": {"executed_lines": [21, 24, 25, 27, 28, 29, 30, 32, 38, 42, 43, 44, 45, 46, 47, 49, 50, 51, 53, 54, 57, 58, 59, 60, 62, 63, 65, 68, 69, 71, 75, 76, 77, 78, 79, 82, 95, 112, 114, 117, 118, 119, 123, 127, 128, 131, 135, 138, 155, 156, 159], "summary": {"covered_lines": 51, "num_statements": 70, "percent_covered": 72.85714285714286, "missing_lines": 19, "excluded_lines": 0}, "missing_lines": [39, 72, 83, 84, 86, 88, 89, 115, 120, 124, 129, 132, 151, 152, 178, 179, 180, 181, 182], "excluded_lines": []}, "/usr/lib/python3/dist-packages/gi/_compat.py": {"executed_lines": [14, 16, 17, 37, 39, 40, 42, 43, 45, 46, 47, 48, 50, 51, 52, 53, 55], "summary": {"covered_lines": 17, "num_statements": 31, "percent_covered": 54.83870967741935, "missing_lines": 14, "excluded_lines": 0}, "missing_lines": [18, 20, 21, 23, 24, 26, 27, 28, 29, 31, 32, 33, 35, 56], "excluded_lines": []}, "/usr/lib/python3/dist-packages/gi/_constants.py": {"executed_lines": [20, 22, 23, 24, 25, 26, 27, 28, 29, 30, 31, 32, 33, 34, 35, 36, 37, 38, 39, 40, 41, 42, 43, 44, 45, 46, 47], "summary": {"covered_lines": 27, "num_statements": 27, "percent_covered": 100.0, "missing_lines": 0, "excluded_lines": 0}, "missing_lines": [], "excluded_lines": []}, "/usr/lib/python3/dist-packages/gi/_error.py": {"executed_lines": [30, 31, 37, 40, 45, 48, 52, 53], "summary": {"covered_lines": 8, "num_statements": 17, "percent_covered": 47.05882352941177, "missing_lines": 9, "excluded_lines": 0}, "missing_lines": [32, 33, 34, 35, 38, 41, 46, 50, 55], "excluded_lines": []}, "/usr/lib/python3/dist-packages/gi/_option.py": {"executed_lines": [20, 30, 31, 32, 34, 35, 37, 38, 39, 41, 43, 56, 57, 83, 87, 93, 95, 107, 115, 143, 144, 170, 188, 192, 222, 230, 240, 241, 263, 272, 280, 312, 328, 335, 343, 367], "summary": {"covered_lines": 33, "num_statements": 175, "percent_covered": 18.857142857142858, "missing_lines": 142, "excluded_lines": 0}, "missing_lines": [96, 97, 98, 100, 101, 104, 105, 108, 109, 110, 111, 112, 116, 118, 119, 121, 122, 124, 125, 126, 128, 130, 131, 133, 134, 135, 136, 137, 139, 140, 173, 174, 175, 176, 177, 178, 180, 182, 184, 185, 186, 189, 190, 193, 194, 195, 197, 199, 200, 201, 202, 203, 204, 205, 206, 207, 209, 211, 212, 214, 215, 216, 218, 220, 227, 228, 231, 232, 233, 234, 235, 237, 264, 265, 266, 267, 269, 273, 274, 275, 276, 278, 281, 282, 284, 285, 286, 287, 289, 290, 291, 293, 294, 296, 297, 298, 300, 301, 303, 304, 305, 306, 307, 308, 310, 313, 314, 316, 317, 318, 319, 320, 321, 322, 323, 324, 325, 326, 329, 330, 331, 332, 333, 336, 341, 344, 345, 347, 348, 349, 350, 351, 352, 353, 354, 355, 356, 358, 360, 361, 362, 364], "excluded_lines": []}, "/usr/lib/python3/dist-packages/gi/_ossighelper.py": {"executed_lines": [17, 19, 20, 21, 22, 23, 24, 26, 29, 51, 57, 58, 143, 147, 148, 155, 162, 163, 182, 188, 189, 192, 193], "summary": {"covered_lines": 23, "num_statements": 109, "percent_covered": 21.10091743119266, "missing_lines": 86, "excluded_lines": 0}, "missing_lines": [37, 38, 40, 41, 42, 43, 46, 47, 48, 74, 75, 76, 78, 81, 84, 86, 87, 88, 90, 91, 93, 94, 95, 97, 98, 99, 101, 102, 104, 106, 107, 108, 109, 110, 111, 112, 113, 115, 117, 118, 119, 122, 124, 130, 131, 133, 135, 136, 139, 140, 152, 158, 170, 172, 173, 174, 175, 177, 179, 185, 215, 216, 217, 219, 220, 223, 224, 225, 227, 228, 229, 232, 233, 235, 237, 240, 241, 242, 243, 245, 246, 247, 248, 250, 251, 253], "excluded_lines": []}, "/usr/lib/python3/dist-packages/gi/_propertyhelper.py": {"executed_lines": [20, 21, 22, 30, 31, 32, 33, 34, 35, 36, 37, 40, 41, 95, 105, 117, 128, 140, 141, 144, 200, 205, 218, 229, 233, 242, 252, 272, 277, 310, 313, 320, 323, 326, 330, 338, 357, 362, 364, 365, 366, 381, 382], "summary": {"covered_lines": 42, "num_statements": 182, "percent_covered": 23.076923076923077, "missing_lines": 140, "excluded_lines": 0}, "missing_lines": [142, 147, 149, 150, 151, 152, 153, 155, 156, 157, 159, 160, 161, 165, 166, 169, 170, 171, 172, 173, 174, 175, 176, 179, 181, 182, 183, 187, 188, 189, 190, 191, 195, 196, 198, 201, 206, 207, 209, 210, 211, 212, 213, 214, 216, 219, 220, 222, 223, 224, 225, 226, 227, 231, 235, 237, 238, 239, 240, 244, 248, 249, 250, 253, 254, 255, 261, 262, 268, 270, 273, 274, 275, 278, 279, 280, 281, 283, 284, 285, 286, 287, 288, 289, 290, 291, 292, 293, 295, 296, 297, 299, 300, 301, 302, 303, 304, 305, 306, 307, 311, 314, 321, 324, 327, 331, 339, 340, 342, 343, 346, 347, 348, 349, 350, 352, 354, 370, 371, 374, 375, 376, 377, 378, 379, 384, 386, 387, 388, 389, 395, 396, 397, 398, 400, 401, 402, 403, 404, 405], "excluded_lines": []}, "/usr/lib/python3/dist-packages/gi/_signalhelper.py": {"executed_lines": [20, 23, 24, 73, 74, 78, 81, 86, 89, 93, 98, 106, 110, 115, 120, 143, 149, 169, 176, 181, 182, 194, 199, 220, 224, 225, 226, 227, 241, 245], "summary": {"covered_lines": 27, "num_statements": 90, "percent_covered": 30.0, "missing_lines": 63, "excluded_lines": 0}, "missing_lines": [79, 82, 83, 84, 87, 91, 96, 104, 108, 113, 116, 117, 118, 122, 123, 125, 126, 128, 130, 131, 132, 133, 135, 136, 137, 138, 139, 140, 141, 145, 146, 147, 155, 156, 160, 161, 163, 165, 172, 178, 196, 205, 206, 208, 210, 211, 212, 214, 215, 217, 228, 232, 233, 234, 235, 236, 237, 238, 239, 246, 247, 248, 249], "excluded_lines": []}, "/usr/lib/python3/dist-packages/gi/docstring.py": {"executed_lines": [23, 34, 37, 44, 47, 52, 64, 67, 92, 93, 94, 96, 97, 98, 99, 101, 102, 105, 107, 110, 111, 112, 114, 115, 118, 119, 123, 124, 125, 126, 127, 128, 131, 132, 134, 136, 137, 138, 139, 140, 143, 145, 146, 149, 150, 151, 152, 153, 155, 157, 158, 159, 168, 169, 171, 174, 195, 196, 199, 200, 205], "summary": {"covered_lines": 61, "num_statements": 91, "percent_covered": 67.03296703296704, "missing_lines": 30, "excluded_lines": 0}, "missing_lines": [49, 103, 113, 116, 133, 135, 142, 144, 154, 160, 161, 162, 163, 164, 165, 166, 175, 176, 178, 180, 181, 183, 185, 186, 187, 189, 190, 192, 197, 202], "excluded_lines": []},